{"train batch_idx": 58, "Train Batch Loss": 0.003347299760207534, "Train Batch SDR1": -16.119842529296875, "Train Batch SDR2": -7.292608261108398, "Train Batch SISNRi1": -16.018699645996094, "Train Batch SISNRi2": -7.273324966430664, "_timestamp": 1711122471.9925191, "_runtime": 190.44446325302124, "_step": 58}