{"pre finetune AVG. SDR1": -5.065267562866211, "pre finetune AVG. SDR2": -8.80434799194336, "pre finetune AVG. SISNRi1": -5.061324119567871, "pre finetune AVG. SISNRi2": -8.792037010192871, "_timestamp": 1711140735.4065483, "_runtime": 379.62121629714966, "_step": 59, "train batch_idx": 58, "Train Batch Loss": 0.0025502147618681192, "Train Batch SDR1": -17.959413528442383, "Train Batch SDR2": -9.733138084411621, "Train Batch SISNRi1": -17.933406829833984, "Train Batch SISNRi2": -9.696939468383789, "_wandb": {"runtime": 378}}