{"test batch_idx": 37, "Test Batch SDR1": -3.612299919128418, "Test Batch SDR2": -5.7312421798706055, "Test Batch SISNRi1": -3.607551097869873, "Test Batch SISNRi2": -5.716732978820801, "_timestamp": 1711121549.8668814, "_runtime": 77.43107342720032, "_step": 38, "Epoch": 0, "AVG. Test SDR1": -4.4194841384887695, "AVG. Test SDR2": -6.878567218780518, "AVG. Test SISNRi1": -4.419353485107422, "AVG. Test SISNRi2": -6.867781639099121, "_wandb": {"runtime": 76}}