{"pre finetune AVG. SDR1": -4.18683385848999, "pre finetune AVG. SDR2": -7.575031757354736, "pre finetune AVG. SISNRi1": -4.1860032081604, "pre finetune AVG. SISNRi2": -7.563205242156982, "_timestamp": 1711126322.6018016, "_runtime": 3655.629804611206, "_step": 1920, "train batch_idx": 131, "Train Batch Loss": 0.0016641529509797692, "Train Batch SDR1": -2.3836371898651123, "Train Batch SDR2": -2.993166446685791, "Train Batch SISNRi1": -2.3737874031066895, "Train Batch SISNRi2": -2.9910101890563965, "Epoch": 9, "AVG. Loss": [0.001770976115949452], "AVG. Train SDR1": -2.1025094985961914, "AVG. Train SDR2": -2.3298463821411133, "AVG. Train SISNRi1": -2.0970592498779297, "AVG. Train SISNRi2": -2.326503276824951, "test batch_idx": 56, "Test Batch SDR1": 0.20204615592956543, "Test Batch SDR2": -4.812118053436279, "Test Batch SISNRi1": 0.2154485583305359, "Test Batch SISNRi2": -4.805627346038818, "mix": {"_type": "audio-file", "sha256": "4e779a38180a28efdc0364416d72ea2a276dc6813cce34c9dfc1acc57e303ce3", "size": 100044, "path": "media/audio/mix_1863_4e779a38180a28efdc03.wav", "caption": null}, "test_s1": {"_type": "audio-file", "sha256": "befdfd4be32a07f308b88a139838ef60b8ab9b22e8156740f2271bf0e5cb7219", "size": 100044, "path": "media/audio/test_s1_1863_befdfd4be32a07f308b8.wav", "caption": null}, "test_s2": {"_type": "audio-file", "sha256": "3d7dc612ebb5660c41e122697360399c0888c446d6d0970e19937efb1c03f3d3", "size": 100044, "path": "media/audio/test_s2_1863_3d7dc612ebb5660c41e1.wav", "caption": null}, "test_est_s1": {"_type": "audio-file", "sha256": "a44d7aea8ac6c75e87d9e6cd2585afac57869bc89d8a6ff4c8ee863ec9f803f0", "size": 100044, "path": "media/audio/test_est_s1_1863_a44d7aea8ac6c75e87d9.wav", "caption": null}, "test_est_s2": {"_type": "audio-file", "sha256": "02ab32dc8620b0b63a88691c4d6d2c30189769d4fed50be7edbf89857400142a", "size": 100044, "path": "media/audio/test_est_s2_1863_02ab32dc8620b0b63a88.wav", "caption": null}, "AVG. Test SDR1": -2.161658763885498, "AVG. Test SDR2": -2.3866591453552246, "AVG. Test SISNRi1": -2.1518235206604004, "AVG. Test SISNRi2": -2.3848414421081543, "_wandb": {"runtime": 3655}}