{"test batch_idx": 0, "Test Batch SDR1": -5.209259986877441, "Test Batch SDR2": -8.073412895202637, "Test Batch SISNRi1": -5.21402645111084, "Test Batch SISNRi2": -8.07589054107666, "_timestamp": 1711121106.4507778, "_runtime": 9.592467784881592, "_step": 0, "_wandb": {"runtime": 9}}