{"pre finetune AVG. SDR1": -4.462760925292969, "pre finetune AVG. SDR2": -7.490780353546143, "pre finetune AVG. SISNRi1": -4.462028503417969, "pre finetune AVG. SISNRi2": -7.481297016143799, "_timestamp": 1711139810.6113617, "_runtime": 8873.929089784622, "_step": 4800, "train batch_idx": 131, "Train Batch Loss": 0.001554722897708416, "Train Batch SDR1": -0.41418612003326416, "Train Batch SDR2": -1.5265657901763916, "Train Batch SISNRi1": -0.4136853814125061, "Train Batch SISNRi2": -1.520948886871338, "Epoch": 24, "AVG. Loss": [0.0017207093769684434], "AVG. Train SDR1": -1.7273293733596802, "AVG. Train SDR2": -1.9712607860565186, "AVG. Train SISNRi1": -1.7149707078933716, "AVG. Train SISNRi2": -1.965718150138855, "test batch_idx": 56, "Test Batch SDR1": -0.8878635168075562, "Test Batch SDR2": -3.557643413543701, "Test Batch SISNRi1": -0.8678766489028931, "Test Batch SISNRi2": -3.5533313751220703, "mix": {"_type": "audio-file", "sha256": "c7d3bd99e485465b3ed89154455ef58dbf161f4e7df448679a2d0ba5a7e1f293", "size": 100044, "path": "media/audio/mix_4743_c7d3bd99e485465b3ed8.wav", "caption": null}, "test_s1": {"_type": "audio-file", "sha256": "5bc8528e646a9c25e86176b0d50a3a47834a8d16dd729cc28060e80c65c641d9", "size": 100044, "path": "media/audio/test_s1_4743_5bc8528e646a9c25e861.wav", "caption": null}, "test_s2": {"_type": "audio-file", "sha256": "f5d87052b76354a6f61e3993989332b18e53fd556972c9a898e5de4ffb7d0bf1", "size": 100044, "path": "media/audio/test_s2_4743_f5d87052b76354a6f61e.wav", "caption": null}, "test_est_s1": {"_type": "audio-file", "sha256": "d763d606f37d299cc0da67f52911cfb4cf7495b6d17d85a01cd50f935327fa75", "size": 100044, "path": "media/audio/test_est_s1_4743_d763d606f37d299cc0da.wav", "caption": null}, "test_est_s2": {"_type": "audio-file", "sha256": "c5336fc169178cb54aa39c3761e6e6dc718860e0e3ce87b864b90d56cedecc0b", "size": 100044, "path": "media/audio/test_est_s2_4743_c5336fc169178cb54aa3.wav", "caption": null}, "AVG. Test SDR1": -1.9013508558273315, "AVG. Test SDR2": -1.9567948579788208, "AVG. Test SISNRi1": -1.8943860530853271, "AVG. Test SISNRi2": -1.948129415512085, "_wandb": {"runtime": 8873}}