{"batch_idx": 1267, "Batch Loss": 0.664172887802124, "Batch EER": 0.2666666666673678, "_timestamp": 1710948980.4001007, "_runtime": 60020.20991063118, "_step": 32547, "Epoch": 20, "AVG. Loss": 0.638774234346297, "AVG. EER": 0.14309213254088063}