{"train batch_idx": 149, "Train Batch Loss": 0.0018335017375648022, "Train Batch SDR1": -4.525515079498291, "Train Batch SDR2": -4.900972843170166, "Train Batch SISNRi1": -4.491637706756592, "Train Batch SISNRi2": -4.893589019775391, "_timestamp": 1711120263.6436613, "_runtime": 295.55207324028015, "_step": 151, "Epoch": 0, "AVG. Train SDR1": -10.497391700744629, "AVG. Train SDR2": -7.146304607391357, "AVG. Train SISNRi1": -10.435059547424316, "AVG. Train SISNRi2": -7.118481636047363, "test batch_idx": 0, "Test Batch SDR1": -5.878746032714844, "Test Batch SDR2": -5.200115203857422, "Test Batch SISNRi1": -5.836071968078613, "Test Batch SISNRi2": -5.193190574645996, "_wandb": {"runtime": 295}}