{"test batch_idx": 37, "Test Batch SDR1": 0.1761508584022522, "Test Batch SDR2": -0.142848938703537, "Test Batch SISNRi1": 0.1774812936782837, "Test Batch SISNRi2": -0.12675237655639648, "_timestamp": 1711121368.949894, "_runtime": 77.36833596229553, "_step": 38, "Epoch": 0, "AVG. Test SDR1": -4.959794521331787, "AVG. Test SDR2": -7.403367042541504, "AVG. Test SISNRi1": -4.958229064941406, "AVG. Test SISNRi2": -7.391816139221191, "_wandb": {"runtime": 76}}