{"pre finetune AVG. SDR1": -4.51282262802124, "pre finetune AVG. SDR2": -8.383906364440918, "pre finetune AVG. SISNRi1": -4.509124279022217, "pre finetune AVG. SISNRi2": -8.371098518371582, "_timestamp": 1711157096.5885746, "_runtime": 15689.58518576622, "_step": 9475, "train batch_idx": 262, "Train Batch Loss": 0.0015708822757005692, "Train Batch SDR1": -1.4103217124938965, "Train Batch SDR2": -1.2826024293899536, "Train Batch SISNRi1": -1.4021327495574951, "Train Batch SISNRi2": -1.2923787832260132, "Epoch": 24, "AVG. Loss": [0.0013194154016673565], "AVG. Train SDR1": -1.6547170877456665, "AVG. Train SDR2": -1.6708061695098877, "AVG. Train SISNRi1": -1.6457257270812988, "AVG. Train SISNRi2": -1.6643458604812622, "test batch_idx": 112, "Test Batch SDR1": -2.4168848991394043, "Test Batch SDR2": -1.7838929891586304, "Test Batch SISNRi1": -2.41365122795105, "Test Batch SISNRi2": -1.782567024230957, "mix": {"_type": "audio-file", "sha256": "95a9c3de4f25b0204bcbc0b301751523044319a65d36b2d117ed9188637078f3", "size": 200044, "path": "media/audio/mix_9362_95a9c3de4f25b0204bcb.wav", "caption": null}, "test_s1": {"_type": "audio-file", "sha256": "5df116095d208d9b9aab854d89444694c022d91db552be85426b492c62ff7780", "size": 200044, "path": "media/audio/test_s1_9362_5df116095d208d9b9aab.wav", "caption": null}, "test_s2": {"_type": "audio-file", "sha256": "3b2b8bc0306624e190ede3bd861cdddc64eea57d1dbe8151d90d708244ddb7cd", "size": 200044, "path": "media/audio/test_s2_9362_3b2b8bc0306624e190ed.wav", "caption": null}, "test_est_s1": {"_type": "audio-file", "sha256": "3e3285a64b8e656631ae72e7804b4df4ee45d7b5b60eb34e1f8fe58831ce12d5", "size": 200044, "path": "media/audio/test_est_s1_9362_3e3285a64b8e656631ae.wav", "caption": null}, "test_est_s2": {"_type": "audio-file", "sha256": "d33561b3f80dcfe0f227441052c5eccd4588e9fdb5b3bf83bb370d94e6f9a690", "size": 200044, "path": "media/audio/test_est_s2_9362_d33561b3f80dcfe0f227.wav", "caption": null}, "AVG. Test SDR1": -1.9927244186401367, "AVG. Test SDR2": -1.6957712173461914, "AVG. Test SISNRi1": -1.9907774925231934, "AVG. Test SISNRi2": -1.6946699619293213, "_wandb": {"runtime": 15688}}