{"train batch_idx": 1562, "Train Batch Loss": 0.6024672985076904, "Train Batch EER": 0.12500000000079414, "_timestamp": 1711050261.62105, "_runtime": 84704.21677184105, "_step": 46919, "Epoch": 15, "AVG. Train Loss": 0.639220147409732, "AVG. Train EER": 0.13234176742148657, "test batch_idx": 1562, "Test Batch EER": 0.1250000000000004, "AVG. Test Loss": 0.6614650415253044, "AVG. Test EER": 0.21086337349041578, "_wandb": {"runtime": 84703}}